Type,episode,time_steps,Length,Date,actor_loss,critic_1_loss,critic_2_loss,q_predictions,cost_tot,emis_tot,ener_tot,idis_tot,pdih_tot,pele_tot,pgas_tot,tdis_tot,reward
train,1,167.37376999855042,14.0,"February 12, 2024",-0.7006432228233843,0.08310436574131363,0.08184748735922247,0.5197464315542242,1.0798156563708599,0.7113578485756731,4.25962783578248,0.0,,0.02068726552747378,,434.43632567396935,-434.43632567396935
test_jan17,1,89.86759924888611,14.0,"January 16, 2024",NA,NA,NA,NA,1.0753342081473436,0.7084055730201427,4.241949539042772,0.0,,0.020322945902426517,,345.59968427125887,-345.59968427125887
test_apr19,1,96.23634958267212,14.0,"April 17, 2024",NA,NA,NA,NA,1.1893885225857959,0.7835419458454737,4.6918679391944575,0.0,,0.02687197129930414,,2048.996050881638,-2048.996050881638
train,2,398.55176877975464,14.0,"October 13, 2024",2.5722417701423788,0.8642867985735869,0.2820852245148715,-2.777279931078651,1.15172103942167,0.7587274697570751,4.543278262018413,0.0,,0.023667294584763358,,1842.4922024011357,-1842.4922024011357
test_jan17,2,187.31107711791992,14.0,"January 16, 2024",NA,NA,NA,NA,1.0359771816473269,0.682478064438277,4.086694996636397,0.0,,0.020488073504676647,,280.40664248720304,-280.40664248720304
test_apr19,2,191.57575464248657,14.0,"April 17, 2024",NA,NA,NA,NA,1.0909403242085678,0.7186865252182661,4.303512127055491,0.0,,0.02579854290009962,,1665.6652769131472,-1665.6652769131472
train,3,635.7578074932098,14.0,"March 26, 2024",21.457425007507915,1.0667311981697345,0.6206773592857644,-21.418209706743557,1.1263397365557333,0.7420068481451956,4.443154779312544,0.0,,0.026136585817932184,,2277.7265823928415,-2277.7265823928415
test_jan17,3,283.14070224761963,14.0,"January 16, 2024",NA,NA,NA,NA,1.0177804098185186,0.670490447493856,4.014912859244648,0.0,,0.02032141777969528,,230.28375777736636,-230.28375777736636
test_apr19,3,285.6787872314453,14.0,"April 17, 2024",NA,NA,NA,NA,1.0838689943020257,0.7140280948656328,4.275617334524748,0.0,,0.027127009984820323,,1587.6313456473422,-1587.6313456473422
train,4,874.3224229812622,14.0,"February 23, 2024",41.306884507338204,2.1570569970090654,1.921010204723903,-41.272648381335394,1.0566721123768315,0.6961114113093899,4.16833180424785,0.0,,0.021039010038520427,,736.6583080847026,-736.6583080847026
test_jan17,4,375.5238802433014,14.0,"January 16, 2024",NA,NA,NA,NA,0.9656144233975268,0.6361246891810125,3.8091298753354064,0.0,,0.020023963418618743,,112.28747824012163,-112.28747824012163
test_apr19,4,381.3102743625641,14.0,"April 17, 2024",NA,NA,NA,NA,0.9967063151829859,0.6566073161166004,3.931780336027549,0.0,,0.023890309018962216,,1203.52947223928,-1203.52947223928
train,5,1108.326997756958,14.0,"October 12, 2024",56.31929295261701,3.375882505705314,3.1272872284808684,-56.275431869995025,0.9743833523868116,0.6419014589688233,3.8437213111905675,0.0,,0.02217357339873548,,1344.3014080568237,-1344.3014080568237
test_jan17,5,471.81779646873474,14.0,"January 16, 2024",NA,NA,NA,NA,0.9055054977904099,0.5965263042642928,3.572013797989776,0.0,,0.019681704121882797,,50.503392400485495,-50.503392400485495
test_apr19,5,476.0694320201874,14.0,"April 17, 2024",NA,NA,NA,NA,0.8668896162662872,0.5710870450353834,3.4196829044034907,0.0,,0.022188182053581897,,762.3267289069177,-762.3267289069177
train,6,1346.742534160614,14.0,"February 08, 2024",61.866589472407384,4.862430507450232,4.516891753145804,-61.8204340338707,0.8918316714432801,0.5875183003196345,3.5180736546085987,0.0,,0.019610500603378985,,82.61760578660564,-82.61760578660564
test_jan17,6,565.019180059433,14.0,"January 16, 2024",NA,NA,NA,NA,0.8643873244125923,0.5694385924138167,3.4098119306216566,0.0,,0.019285338849569744,,42.11971780118577,-42.11971780118577
test_apr19,6,570.7029762268066,14.0,"April 17, 2024",NA,NA,NA,NA,0.8399032840690202,0.5533090668225872,3.313227945045433,0.0,,0.024377342022069603,,642.9223605589037,-642.9223605589037
train,7,1577.6381406784058,14.0,"October 13, 2024",62.83850538730621,5.449272238427684,5.095767120387228,-62.808099132208596,0.806849743890731,0.5315341508076984,3.1828392263934036,0.0,,0.021739631548081676,,479.0485740710522,-479.0485740710522
test_jan17,7,657.5042817592621,14.0,"January 16, 2024",NA,NA,NA,NA,0.8064350642143921,0.5312609693246673,3.1812034091297443,0.0,,0.01888555204189964,,124.4886863176952,-124.4886863176952
test_apr19,7,665.5184299945831,14.0,"April 17, 2024",NA,NA,NA,NA,0.7397674836092447,0.48734189255520155,2.918214925480243,0.0,,0.021817543833539572,,309.8799107508783,-309.8799107508783
train,8,1799.136775970459,14.0,"December 11, 2024",61.61986255645752,6.396423143866871,6.055987300617354,-61.608893664110276,0.7729799414724593,0.5092214999049322,3.049230538352882,0.0,,0.018935267822359273,,36.20427637337606,-36.20427637337606
test_jan17,8,751.3882238864899,14.0,"January 16, 2024",NA,NA,NA,NA,0.8674390035810214,0.5714489688285224,3.4218501127456427,0.0,,0.018825070920788736,,13.933302693038025,-13.933302693038025
test_apr19,8,750.3473255634308,14.0,"April 17, 2024",NA,NA,NA,NA,0.7477517735312094,0.4926017600777587,2.9497111381901644,0.0,,0.020374133843729176,,363.18120852210427,-363.18120852210427
train,9,2454.4857461452484,14.0,"February 02, 2024",56.850771320717676,6.130842789076269,5.830889477660613,-56.845059416123796,0.9304077409327399,0.6129313322909947,3.6702474987484695,0.0,,0.018979924404172167,,14.679125456165746,-14.679125456165746
test_jan17,9,827.9542565345764,14.0,"January 16, 2024",NA,NA,NA,NA,0.8765971158241974,0.5774821236396084,3.4579767882611305,0.0,,0.01891863985263295,,8.827471706124882,-8.827471706124882
test_apr19,9,841.184070110321,14.0,"April 17, 2024",NA,NA,NA,NA,0.793384492584597,0.5226635513279188,3.1297218642390368,0.0,,0.021970885560639974,,475.0770342746361,-475.0770342746361
train,10,2680.632297039032,14.0,"February 05, 2024",52.814965092000506,6.114916601395678,5.8913131121634725,-52.814450634377344,0.9478134645154134,0.6243978247497965,3.73890913023831,0.0,,0.0197008281448047,,10.71756758295339,-10.71756758295339
test_jan17,10,923.1701192855835,14.0,"January 16, 2024",NA,NA,NA,NA,0.9181471907641497,0.6048543623574468,3.621882409326028,0.0,,0.01891857597538316,,6.784555377095067,-6.784555377095067
test_apr19,10,935.3834004402161,14.0,"April 17, 2024",NA,NA,NA,NA,0.7685883725295689,0.5063284347630692,3.0319067949884304,0.0,,0.01943285464605133,,470.58454910194564,-470.58454910194564
train,11,2915.158289670944,14.0,"March 24, 2024",50.317686965068184,5.591277516047869,5.405160583378303,-50.316671256508144,0.7481130971362119,0.49283979180176324,2.951136477854871,0.0,,0.020306096682817933,,443.3389999343429,-443.3389999343429
test_jan17,11,1017.268800020218,14.0,"January 16, 2024",NA,NA,NA,NA,0.9106862799907964,0.5999392850432447,3.5924508086421887,0.0,,0.019243856439818234,,14.06279534164784,-14.06279534164784
test_apr19,11,1027.783343553543,14.0,"April 17, 2024",NA,NA,NA,NA,0.760603082623126,0.5010679084736165,3.000406637566561,0.0,,0.019532341118524657,,417.4840402832258,-417.4840402832258
train,12,3162.764826774597,14.0,"March 30, 2024",51.183792050395695,5.468132496412311,5.290949499367604,-51.1775782647587,0.7178503274395719,0.4729033715282378,2.8317567157379493,0.0,,0.019677991870586116,,501.627865452867,-501.627865452867
test_jan17,12,1111.5469288825989,14.0,"January 16, 2024",NA,NA,NA,NA,0.9407981208728291,0.6197762768669115,3.7112351908198296,0.0,,0.019297718790355828,,24.55620194079983,-24.55620194079983
test_apr19,12,1119.9974882602692,14.0,"April 17, 2024",NA,NA,NA,NA,0.7732266941983296,0.5093840549551104,3.050203921886886,0.0,,0.019698901466133484,,445.5815100397375,-445.5815100397375
train,13,3400.9121260643005,14.0,"March 17, 2024",49.85055726766586,5.423103098225381,5.251125902735761,-49.840135369982036,0.867502230993742,0.5714906216013991,3.4220995305472988,0.0,,0.01958537100905645,,129.9111838711928,-129.9111838711928
test_jan17,13,1206.5489449501038,14.0,"January 16, 2024",NA,NA,NA,NA,0.9364003202056403,0.6168791064076586,3.6938868647165215,0.0,,0.019361030013486887,,24.664784681123415,-24.664784681123415
test_apr19,13,1210.6074290275574,14.0,"April 17, 2024",NA,NA,NA,NA,0.773155054558338,0.5093368603993782,3.0499213197567503,0.0,,0.020075799004540457,,469.67548243974295,-469.67548243974295
train,14,3642.5379610061646,14.0,"October 04, 2024",48.48905574991589,5.249331869451063,5.105652847903825,-48.47164024341674,0.6251522704213769,0.41183601246694307,2.466083906987677,0.0,,0.020788932623338918,,370.1287795074953,-370.1287795074953
test_jan17,14,1300.2667617797852,14.0,"January 16, 2024",NA,NA,NA,NA,0.9610621816091628,0.633125776444694,3.7911723140400864,0.0,,0.019644178405059963,,52.99949484092926,-52.99949484092926
test_apr19,14,1305.2388937473297,14.0,"April 17, 2024",NA,NA,NA,NA,0.780050217896066,0.5138792362471114,3.077121175132397,0.0,,0.021210587308628272,,454.6586057171134,-454.6586057171134
train,15,3872.6948878765106,14.0,"September 28, 2024",49.07427301719075,5.043123918230689,4.915567988795893,-49.04460000849905,0.5663003166694581,0.37306569184930877,2.233926298498847,0.0,,0.02060508208622047,,735.1003020490903,-735.1003020490903
test_jan17,15,1393.2109215259552,14.0,"January 16, 2024",NA,NA,NA,NA,0.9315006594563394,0.6136513220087121,3.674558814423425,0.0,,0.019509429772292492,,31.772826122212376,-31.772826122212376
test_apr19,15,1396.7597246170044,14.0,"April 17, 2024",NA,NA,NA,NA,0.7676672402603477,0.50572161389932,3.0282731371216767,0.0,,0.01973728922125805,,416.3360049501971,-416.3360049501971
train,16,4108.569977283478,14.0,"March 25, 2024",49.09736748678343,4.956043296892728,4.81536746752404,-49.058919696580794,0.7185027564405002,0.47333317682667964,2.834330400159756,0.0,,0.020179402466862978,,363.12414473721776,-363.12414473721776
test_jan17,16,1482.992097377777,14.0,"January 16, 2024",NA,NA,NA,NA,0.9527107849407594,0.6276240673968696,3.7582279484842527,0.0,,0.019307978406932335,,39.708992791905054,-39.708992791905054
test_apr19,16,1488.1624121665955,14.0,"April 17, 2024",NA,NA,NA,NA,0.7454010216765131,0.4910531385403449,2.940437955331405,0.0,,0.020057858773326977,,382.0862203910616,-382.0862203910616
train,17,4349.258233308792,14.0,"November 09, 2024",47.977831502755485,5.232737381720827,5.081882753631189,-47.934152993417925,0.980957357158944,0.6462322629015521,3.869654268871573,0.0,,0.019418171424501023,,8.90343122395517,-8.90343122395517
test_jan17,17,1574.614004611969,14.0,"January 16, 2024",NA,NA,NA,NA,0.9454783665897808,0.6228595156626946,3.7296976985790113,0.0,,0.019468019880698344,,48.47578033119848,-48.47578033119848
test_apr19,17,1578.0786852836611,14.0,"April 17, 2024",NA,NA,NA,NA,0.7604251677496946,0.5009507022256364,2.9997048037463263,0.0,,0.021287998150356893,,439.76087528367395,-439.76087528367395
train,18,4588.816935062408,14.0,"December 02, 2024",45.607494545834406,5.202023749727578,5.048101924093706,-45.560042029335385,0.9116118559848538,0.6005490333312439,3.596101995995469,0.0,,0.020114588516193292,,33.783308397445076,-33.783308397445076
test_jan17,18,1667.781254529953,14.0,"January 16, 2024",NA,NA,NA,NA,0.9331029443620388,0.6147068706448117,3.6808794649389918,0.0,,0.019652964917649677,,37.43629531387786,-37.43629531387786
test_apr19,18,1671.3076934814455,14.0,"April 17, 2024",NA,NA,NA,NA,0.7515087914931903,0.4950767975517257,2.9645317218666154,0.0,,0.019481928840942395,,362.43109290576257,-362.43109290576257
train,19,4825.85483455658,14.0,"October 20, 2024",44.28696976247288,5.012143739188711,4.8583200960641815,-44.237709131978804,0.7624381259335618,0.5022767930213203,3.0076454671935293,0.0,,0.020326784742169108,,297.67178995005935,-297.67178995005935
test_jan17,19,1758.3296513557434,14.0,"January 16, 2024",NA,NA,NA,NA,0.9382431538559018,0.6180931230529991,3.701156425467065,0.0,,0.019478525921291012,,41.39474338761801,-41.39474338761801
test_apr19,19,1763.611449480057,14.0,"April 17, 2024",NA,NA,NA,NA,0.7611157416217118,0.5014056364924083,3.0024289610323858,0.0,,0.01985519198138114,,379.66868151025903,-379.66868151025903
train,20,5063.850464820862,14.0,"November 07, 2024",43.325534806365056,4.8241480782716755,4.66819351769629,-43.27514779000055,0.9766302964778517,0.6433816943266295,3.8525849959678493,0.0,,0.019838569921395335,,14.876218118106317,-14.876218118106317
test_jan17,20,1852.3820374011993,14.0,"January 16, 2024",NA,NA,NA,NA,0.9367524514539289,0.6171110824173793,3.6952759426190362,0.0,,0.019383389063271944,,52.4334912863842,-52.4334912863842
test_apr19,20,1853.0222632884982,14.0,"April 17, 2024",NA,NA,NA,NA,0.7188658920300105,0.47357240224462166,2.8357628876923493,0.0,,0.019557730043657753,,307.65430436854115,-307.65430436854115
train,21,5296.436573266983,14.0,"March 02, 2024",41.944879035154976,4.685151241719723,4.523735542027723,-41.893837501605354,0.8015274813138651,0.5280279659937485,3.161844107746998,0.0,,0.020431720738147374,,238.1534305575057,-238.1534305575057
test_jan17,21,1943.1192424297335,14.0,"January 16, 2024",NA,NA,NA,NA,0.9475686200440875,0.6242365268140523,3.737943274335646,0.0,,0.019202630053936555,,43.86264403975792,-43.86264403975792
test_apr19,21,1943.9730505943303,14.0,"April 17, 2024",NA,NA,NA,NA,0.7372383280997247,0.48567574277180997,2.9082379806695102,0.0,,0.019496815877769313,,335.08014578399906,-335.08014578399906
train,22,5529.195686817169,14.0,"September 27, 2024",42.326538750103545,4.595145898383288,4.411820383254616,-42.26986559941655,0.5499563647390739,0.36229867026203405,2.169453115341519,0.0,,0.02038376132223256,,770.8744724567674,-770.8744724567674
test_jan17,22,2036.244927406311,14.0,"January 16, 2024",NA,NA,NA,NA,0.917598175964316,0.6044926839686011,3.6197166704706696,0.0,,0.01952793154540568,,20.58270715138775,-20.58270715138775
test_apr19,22,2035.572448253632,14.0,"April 17, 2024",NA,NA,NA,NA,0.7327342953173837,0.48270858902565233,2.8904705929679753,0.0,,0.019458190265620515,,326.4408141414071,-326.4408141414071
train,23,5758.595397233963,14.0,"May 11, 2024",43.73351593102728,4.85819156929141,4.664678064884529,-43.662806539308455,0.5678526116533565,0.37408830826868184,2.240049750111863,0.0,,0.022141735324914865,,1148.84152872457,-1148.84152872457
test_jan17,23,2129.45524930954,14.0,"January 16, 2024",NA,NA,NA,NA,0.9199009513088654,0.6060096996788167,3.6288005968791404,0.0,,0.019299385307563494,,14.403719327282754,-14.403719327282754
test_apr19,23,2128.4472696781163,14.0,"April 17, 2024",NA,NA,NA,NA,0.7432975755173477,0.4896674363368705,2.932140337346528,0.0,,0.01996883362702525,,337.6918210390751,-337.6918210390751
train,24,5996.703403949738,14.0,"February 29, 2024",44.88769453622046,4.832061322627678,4.6239904609198375,-44.807992990527836,0.7907905613610302,0.5209547287861598,3.1194893939291064,0.0,,0.020278119497257413,,148.05693163236575,-148.05693163236575
test_jan17,24,2222.041509628296,14.0,"January 16, 2024",NA,NA,NA,NA,0.937584037279483,0.617658912132834,3.6985563600768545,0.0,,0.019504495513752457,,34.666513543149705,-34.666513543149705
test_apr19,24,2220.804345607758,14.0,"April 17, 2024",NA,NA,NA,NA,0.7443961435484056,0.49039114782084153,2.9364739390469534,0.0,,0.021025671615537048,,342.6835749201676,-342.6835749201676
train,25,6234.68129491806,14.0,"March 23, 2024",44.46932183277039,4.956287040020383,4.740627732660089,-44.38498187774704,0.7307584659799601,0.481406957864509,2.8826763943982607,0.0,,0.020181259364327544,,361.42138862195173,-361.42138862195173
test_jan17,25,2316.392571926117,14.0,"January 16, 2024",NA,NA,NA,NA,0.9420648862940965,0.6206107929432501,3.7162322930733547,0.0,,0.019391459950981495,,32.97802009580229,-32.97802009580229
test_apr19,25,2310.7003748416905,14.0,"April 17, 2024",NA,NA,NA,NA,0.7366661269316432,0.4852987897340601,2.9059807768506567,0.0,,0.0211387316335661,,317.867818639765,-317.867818639765
train,26,6474.544260263443,14.0,"October 22, 2024",44.70660537197476,4.811833117556359,4.568674804687145,-44.61406974565415,0.7298008938060913,0.48077613122531343,2.878898989373132,0.0,,0.019848507496103295,,230.01261313830963,-230.01261313830963
test_jan17,26,2409.5509300231934,14.0,"January 16, 2024",NA,NA,NA,NA,0.9371159049723119,0.6173505172795881,3.696709684308914,0.0,,0.019502247910372143,,32.147938052436665,-32.147938052436665
test_apr19,26,2404.9106774330144,14.0,"April 17, 2024",NA,NA,NA,NA,0.7549145142027134,0.4973204097508997,2.9779665254544834,0.0,,0.021210060719021838,,368.08555167588725,-368.08555167588725
train,27,6711.995666265488,14.0,"May 09, 2024",45.9431128061953,5.177988677108217,4.919217081962242,-45.84296851640656,0.6008106636364564,0.3958003188453197,2.3700617894929237,0.0,,0.021091381895920407,,1174.3608543425523,-1174.3608543425523
test_jan17,27,2501.5248482227325,14.0,"January 16, 2024",NA,NA,NA,NA,0.9355823368352688,0.6163402376784597,3.6906601058590414,0.0,,0.01967076668680244,,22.604102256791005,-22.604102256791005
test_apr19,27,2497.33756351471,14.0,"April 17, 2024",NA,NA,NA,NA,0.7476011487859532,0.49250253194182947,2.9491169577355087,0.0,,0.020323565521213185,,359.45204267843974,-359.45204267843974
train,28,6954.719600200653,14.0,"February 08, 2024",45.727603170133776,5.737332404147656,5.469936188842569,-45.617501373801915,0.9289865550287043,0.6119950875337002,3.664641242716769,0.0,,0.01958627174582634,,41.52478253134748,-41.52478253134748
test_jan17,28,2594.8443942070007,14.0,"January 16, 2024",NA,NA,NA,NA,0.9312891259749675,0.6135119685910035,3.6737243628203817,0.0,,0.019810596245125493,,30.89557012786118,-30.89557012786118
test_apr19,28,2588.497400760651,14.0,"April 17, 2024",NA,NA,NA,NA,0.7591647621732717,0.5001203758695705,2.9947327896381433,0.0,,0.020108137457017918,,396.3718935425653,-396.3718935425653
train,29,7195.445944070816,14.0,"February 05, 2024",41.26639182936577,5.31601122806647,5.028183760077116,-41.14942735859326,0.947844719165812,0.6244184145983829,3.739032422744803,0.0,,0.019728143882992287,,7.649019786916469,-7.649019786916469
test_jan17,29,2686.98122549057,14.0,"January 16, 2024",NA,NA,NA,NA,0.9312196800976734,0.6134662192359426,3.673450414586485,0.0,,0.019652807037444722,,31.1921671523639,-31.1921671523639
test_apr19,29,2678.8485524654393,14.0,"April 17, 2024",NA,NA,NA,NA,0.7681772088017832,0.5060575695064995,3.0302848473443067,0.0,,0.022163859943678,,430.52090343014385,-430.52090343014385
train,30,7430.987106084824,14.0,"May 26, 2024",39.28844232360522,4.622148555703461,4.33905991100307,-39.165966678233374,0.63292508125642,0.4169565624056111,2.4967458826683213,0.0,,0.022382434734447385,,1422.8475935854508,-1422.8475935854508
test_jan17,30,2781.068514108658,14.0,"January 16, 2024",NA,NA,NA,NA,0.9346930437822716,0.615754391761889,3.6871520464783765,0.0,,0.019815086281513218,,41.35786311352023,-41.35786311352023
test_apr19,30,2771.42469072342,14.0,"April 17, 2024",NA,NA,NA,NA,0.7642174580732075,0.5034489763243614,3.014664528888387,0.0,,0.022449613270296785,,412.6872013794742,-412.6872013794742
train,31,7673.773605108261,14.0,"February 06, 2024",38.457171469926834,4.478711256934774,4.188106600993446,-38.32657042855308,0.9529972519355705,0.6278127852987765,3.759357995801057,0.0,,0.020019254723456316,,66.83737343695718,-66.83737343695718
test_jan17,31,2872.7634329795837,14.0,"January 16, 2024",NA,NA,NA,NA,0.9303804656086424,0.6129133639315318,3.670139903781625,0.0,,0.019628889094346583,,40.27849898687528,-40.27849898687528
test_apr19,31,2863.476737022401,14.0,"April 17, 2024",NA,NA,NA,NA,0.77513455405617,0.5106409093782256,3.0577299962767994,0.0,,0.022235262257257804,,427.0997465024596,-427.0997465024596
train,32,7913.2531633377075,14.0,"May 18, 2024",38.33734755998566,4.3986766488690465,4.1016577789116475,-38.20081858691715,0.6029539269587741,0.39721225168487406,2.37851647715493,0.0,,0.023278208653338836,,1240.0063799209727,-1240.0063799209727
test_jan17,32,2964.670239925385,14.0,"January 16, 2024",NA,NA,NA,NA,0.9360633488088684,0.6166571173612647,3.6925575889896147,0.0,,0.019511903278559,,35.45350300889301,-35.45350300889301
test_apr19,32,2952.485535144807,14.0,"April 17, 2024",NA,NA,NA,NA,0.7539527141246941,0.49668679786518166,2.974172442306475,0.0,,0.02037397731513914,,361.7667941452169,-361.7667941452169
train,33,8155.015946865082,14.0,"November 24, 2024",40.44821077869052,4.754146319547934,4.4295070773167975,-40.302755029428575,0.9717551329860642,0.6401700481604436,3.8333535817990634,0.0,,0.020776640711112578,,44.48343492907138,-44.48343492907138
test_jan17,33,3057.4827241897588,14.0,"January 16, 2024",NA,NA,NA,NA,0.9323924355990967,0.6142388037280033,3.678076669029965,0.0,,0.01948227320198071,,41.59794141854945,-41.59794141854945
test_apr19,33,3044.756248474122,14.0,"April 17, 2024",NA,NA,NA,NA,0.7612044881939648,0.5014641007037148,3.0027790461300286,0.0,,0.021055744527020966,,402.0611893924167,-402.0611893924167
train,34,8393.240447044373,14.0,"May 12, 2024",42.17223310044834,5.041278767133398,4.726321496645964,-42.02117697114036,0.6356436555111068,0.4187474969244772,2.5074700414639306,0.0,,0.024458106230351193,,1423.3026293876967,-1423.3026293876967
test_jan17,34,3150.256558656693,14.0,"January 16, 2024",NA,NA,NA,NA,0.9369561186825259,0.6172452537277378,3.6960793636391474,0.0,,0.019596907684524274,,54.568032381705116,-54.568032381705116
test_apr19,34,3136.795112609864,14.0,"April 17, 2024",NA,NA,NA,NA,0.7562006579492493,0.49816769182455467,2.9830400708057128,0.0,,0.02033875977274898,,381.3982528630665,-381.3982528630665
train,35,8634.777478456497,14.0,"November 08, 2024",44.899344309454875,5.48600682948849,5.168291911305416,-44.74313462490127,0.9609486230948698,0.6330509666936595,3.7907243514590383,0.0,,0.019005831052633818,,12.475784936674026,-12.475784936674026
test_jan17,35,3240.072898149491,14.0,"January 16, 2024",NA,NA,NA,NA,0.9280852200929968,0.6114013087003152,3.661085680840215,0.0,,0.019629598427881964,,33.767671920348114,-33.767671920348114
test_apr19,35,3228.1460349559793,14.0,"April 17, 2024",NA,NA,NA,NA,0.751331067918347,0.4949597173268785,2.96383064267592,0.0,,0.019638144628394454,,388.2813329113776,-388.2813329113776
train,36,8873.593607664108,14.0,"October 09, 2024",45.90712147099631,5.492833082253735,5.185035580236997,-45.74583022793134,0.6726944238434734,0.4431556953919529,2.653626918514682,0.0,,0.02124713128904875,,254.32204559520602,-254.32204559520602
test_jan17,36,3333.791941404343,14.0,"January 16, 2024",NA,NA,NA,NA,0.9307326973534996,0.6131454061460906,3.671529378120315,0.0,,0.01950151670588858,,27.303523017054967,-27.303523017054967
test_apr19,36,3317.2720422744765,14.0,"April 17, 2024",NA,NA,NA,NA,0.7252494709896369,0.47777775800895156,2.8609446587362313,0.0,,0.021129830637664573,,313.157251056851,-313.157251056851
train,37,9113.70607328415,14.0,"February 17, 2024",46.49359142638388,5.645064768204022,5.324734062887728,-46.326264631180536,0.8913135610859332,0.5871769810704165,3.516029826768958,0.0,,0.019824906403122098,,42.173096422561386,-42.173096422561386
test_jan17,37,3428.531025886536,14.0,"January 16, 2024",NA,NA,NA,NA,0.9403930203415928,0.6195094059055046,3.7096371611108108,0.0,,0.01965540317910201,,42.194831538661454,-42.194831538661454
test_apr19,37,3409.9931423664107,14.0,"April 17, 2024",NA,NA,NA,NA,0.7269070810394299,0.4788697535841605,2.867483554396163,0.0,,0.019998402390749424,,314.0487480731842,-314.0487480731842
train,38,9352.881833076477,14.0,"December 23, 2024",45.108501659972326,6.562845120250824,5.441894372880814,-44.93999113071533,0.9644394972523398,0.635350674718502,3.8044950581946306,0.0,,0.0197036069812843,,5.419714984216467,-5.419714984216467
test_jan17,38,3518.8372397422795,14.0,"January 16, 2024",NA,NA,NA,NA,0.9238670537360064,0.6086224772146472,3.644445971345191,0.0,,0.019424781089379006,,31.498028751943245,-31.498028751943245
test_apr19,38,3500.99107694626,14.0,"April 17, 2024",NA,NA,NA,NA,0.7293908196216775,0.4805059837349893,2.8772813397304735,0.0,,0.021187146289397857,,361.5951845274793,-361.5951845274793
train,39,9593.327366113663,14.0,"May 26, 2024",46.039800179856165,5.516971219685816,5.227779846239303,-45.87235861023267,0.624985134023741,0.41172590683220894,2.465424591809627,0.0,,0.022114075887242554,,1255.2948195242082,-1255.2948195242082
test_jan17,39,3610.7644352912907,14.0,"January 16, 2024",NA,NA,NA,NA,0.942274409808133,0.6207488222404656,3.7170588158111713,0.0,,0.019459475349688893,,39.060871195944564,-39.060871195944564
test_apr19,39,3591.7719554901137,14.0,"April 17, 2024",NA,NA,NA,NA,0.7416285832643327,0.4885679424266011,2.9255565414766513,0.0,,0.021137938363200538,,363.7541723381041,-363.7541723381041
train,40,9836.06543135643,14.0,"January 30, 2024",47.51104824741682,5.742789514407161,5.45005321112417,-47.33944203456243,0.9352013256723791,0.6160892362417624,3.6891571032440886,0.0,,0.02026247929611792,,41.65121443600525,-41.65121443600525
test_jan17,40,3706.67746257782,14.0,"January 16, 2024",NA,NA,NA,NA,0.9330267260711539,0.61465665977863,3.680578801069636,0.0,,0.01970541307565311,,38.2839275938083,-38.2839275938083
test_apr19,40,3684.12797856331,14.0,"April 17, 2024",NA,NA,NA,NA,0.7168284245768165,0.4722301653030705,2.8277255407369477,0.0,,0.020827064658547858,,299.5149448926442,-299.5149448926442
train,41,10078.189417600632,14.0,"November 17, 2024",46.00156506470272,5.706063478076387,5.412368235178292,-45.83020891887801,0.8905010546348059,0.5866417204103042,3.5128246731155945,0.0,,0.019167061106875254,,40.65625475994288,-40.65625475994288
test_jan17,41,3800.5196080207825,14.0,"January 16, 2024",NA,NA,NA,NA,0.9231227659419294,0.6081321574449783,3.6415099248202325,0.0,,0.019315170186643627,,21.248451198474903,-21.248451198474903
test_apr19,41,3776.2259578704848,14.0,"April 17, 2024",NA,NA,NA,NA,0.7160942463707844,0.4717465054987021,2.8248293742437225,0.0,,0.02174820815670958,,278.57714036681637,-278.57714036681637
train,42,10320.224799156189,14.0,"December 08, 2024",44.9323665471304,5.46332096539083,5.179706957368624,-44.7586016527244,0.8694869756493937,0.5727981259702113,3.429928898025214,0.0,,0.0194557904592102,,8.679349879425201,-8.679349879425201
test_jan17,42,3892.0588862895975,14.0,"January 16, 2024",NA,NA,NA,NA,0.9169314202451557,0.6040534405559778,3.6170864703950882,0.0,,0.019501015151039133,,26.03697240142045,-26.03697240142045
test_apr19,42,3867.9600849151625,14.0,"April 17, 2024",NA,NA,NA,NA,0.6990749359075064,0.46053457316194657,2.7576920548619515,0.0,,0.021046505734242476,,237.33741022722535,-237.33741022722535
train,43,10563.897186517715,14.0,"November 29, 2024",44.45070089045025,5.16189754479343,4.9013734413310885,-44.27640745469502,0.9431252156781238,0.6213093136814453,3.7204150519847023,0.0,,0.019372827953700066,,76.1979146415791,-76.1979146415791
test_jan17,43,3985.92460513115,14.0,"January 16, 2024",NA,NA,NA,NA,0.9217783384981328,0.6072464794050793,3.6362064635034725,0.0,,0.019124530251667073,,8.652424598534102,-8.652424598534102
test_apr19,43,3959.5702574253096,14.0,"April 17, 2024",NA,NA,NA,NA,0.701397253373821,0.4620644627748653,2.7668530705081698,0.0,,0.01990500283033455,,246.52178299684985,-246.52178299684985
train,44,10801.176046609879,14.0,"May 19, 2024",46.18811548323858,5.492621144368535,5.223279500734948,-46.002444525559746,0.629342226005509,0.4145962593409087,2.48261233138268,0.0,,0.023221609181472157,,1147.5730885317062,-1147.5730885317062
test_jan17,44,4080.2969975471506,14.0,"January 16, 2024",NA,NA,NA,NA,0.9299458239339544,0.6126270319407099,3.668425340962337,0.0,,0.019447244616710095,,20.047172826255252,-20.047172826255252
test_apr19,44,4052.726800680162,14.0,"April 17, 2024",NA,NA,NA,NA,0.7059039674727846,0.46503338291106466,2.784631035395596,0.0,,0.020959766127329,,242.70908254727664,-242.70908254727664
train,45,11044.140450239182,14.0,"March 14, 2024",48.5857666078068,6.295784714764783,5.999083303402932,-48.394059509038925,0.8151705754525548,0.5370157242626281,3.21566301953669,0.0,,0.01999026515447141,,37.62007550437378,-37.62007550437378
test_jan17,45,4174.256375551226,14.0,"January 16, 2024",NA,NA,NA,NA,0.9393127461216413,0.6187977459657346,3.7053757243457195,0.0,,0.01945786966383213,,30.443579046903096,-30.443579046903096
test_apr19,45,4144.049743890764,14.0,"April 17, 2024",NA,NA,NA,NA,0.7341464880051812,0.48363890925785064,2.896041372801503,0.0,,0.02055235622150389,,289.5512849370212,-289.5512849370212
train,46,11278.300079345703,14.0,"September 29, 2024",48.73079993753206,6.242927115454915,5.9943307640829255,-48.53171828673,0.0,0.0,0.0,0.0,,0.0,,399.9982681542036,-399.9982681542036
test_jan17,46,4265.513714790346,14.0,"January 16, 2024",NA,NA,NA,NA,0.9165845850977408,0.6038249534963412,3.6157182844092284,0.0,,0.01923297145552915,,19.772036560250456,-19.772036560250456
test_apr19,46,4235.701281547548,14.0,"April 17, 2024",NA,NA,NA,NA,0.7064772424917712,0.4654110433772213,2.7868924753127002,0.0,,0.020147021342034933,,232.1912590181123,-232.1912590181123
train,47,11517.232778787613,14.0,"March 28, 2024",50.37094104999588,6.2881348842666265,6.066988073466789,-50.149769582918715,0.6623945278409212,0.4363703595638416,2.6129961650529383,0.0,,0.02105553447757793,,365.3515672259749,-365.3515672259749
test_jan17,47,4359.555209875109,14.0,"January 16, 2024",NA,NA,NA,NA,0.923516758732479,0.6083917108809606,3.6430641370117454,0.0,,0.01933387121980071,,15.398970949376649,-15.398970949376649
test_apr19,47,4324.906986713411,14.0,"April 17, 2024",NA,NA,NA,NA,0.7123405740666392,0.46927367206756865,2.810021988428554,0.0,,0.02111344173154948,,242.89143531985962,-242.89143531985962
train,48,11755.456288576126,14.0,"October 26, 2024",50.537602194717955,6.345506881319341,6.1151538559102585,-50.310965782120114,0.664039399543253,0.43745396340719184,2.619484810821509,0.0,,0.021716624548679064,,196.69691333637388,-196.69691333637388
test_jan17,48,4452.478089332582,14.0,"January 16, 2024",NA,NA,NA,NA,0.9192948645081704,0.6056104235615951,3.6264097219257163,0.0,,0.01929256303059486,,17.439195054864214,-17.439195054864214
test_apr19,48,4417.8534784317035,14.0,"April 17, 2024",NA,NA,NA,NA,0.7095808248774457,0.4674556124439192,2.7991354038558,0.0,,0.021335681745860743,,256.3305820364757,-256.3305820364757
train,49,11999.126533985138,14.0,"January 30, 2024",49.018867529573896,6.575501438141579,6.370963511899824,-48.79952294627825,0.9522519789844123,0.627321816530163,3.756418063054871,0.0,,0.01989771155481166,,7.2725754223759935,-7.2725754223759935
test_jan17,49,4545.4268956184405,14.0,"January 16, 2024",NA,NA,NA,NA,0.9293769842464614,0.612252293369463,3.6661813974219326,0.0,,0.019606499997485795,,32.36674884863655,-32.36674884863655
test_apr19,49,4509.919238567355,14.0,"April 17, 2024",NA,NA,NA,NA,0.6960344222349046,0.45853155232042964,2.745697918086396,0.0,,0.020779038764849565,,219.92281595112422,-219.92281595112422
train,50,12242.050745725632,14.0,"November 27, 2024",46.87253318230311,6.135887646781547,5.9514972339162515,-46.66780622942107,1.005275977743886,0.6622528137405462,3.9655857110212334,0.0,,0.019119079380068814,,40.14502882700233,-40.14502882700233
test_jan17,50,4636.07546234131,14.0,"January 16, 2024",NA,NA,NA,NA,0.9287725467429161,0.6118541037714647,3.663797028571649,0.0,,0.019375821629403243,,31.112034661801886,-31.112034661801886
test_apr19,50,4599.935736656192,14.0,"April 17, 2024",NA,NA,NA,NA,0.7207240101225673,0.4747964879308427,2.8430927421008527,0.0,,0.020498653329289646,,255.85995228973601,-255.85995228973601
train,51,12480.220419883728,14.0,"March 30, 2024",47.026688494852614,6.270011924517651,6.066731607186652,-46.82207145293554,0.6591368886544773,0.43422430140156915,2.600145517374662,0.0,,0.020808764409416435,,292.2825132348197,-292.2825132348197
test_jan17,51,4730.842259407045,14.0,"January 16, 2024",NA,NA,NA,NA,0.9400501432828603,0.6192835263441304,3.7082845888870137,0.0,,0.019485694863217124,,26.60323070646491,-26.60323070646491
test_apr19,51,4691.342905521396,14.0,"April 17, 2024",NA,NA,NA,NA,0.7073008041054192,0.46595358692546207,2.7901412390746207,0.0,,0.020706193542254628,,237.3551814529546,-237.3551814529546
train,52,12721.100816011429,14.0,"December 01, 2024",46.36622643328848,6.356609985143656,6.139172738329286,-46.1641236827487,0.9222139881783876,0.6075334754469053,3.6379250026760857,0.0,,0.02000740939512016,,45.741897325706105,-45.741897325706105
test_jan17,52,4825.3849108219165,14.0,"January 16, 2024",NA,NA,NA,NA,0.9208764992290607,0.606652368328413,3.6326489121461845,0.0,,0.019511405171931843,,23.356559358798776,-23.356559358798776
test_apr19,52,4783.696558952334,14.0,"April 17, 2024",NA,NA,NA,NA,0.7335950095466044,0.48327560786699325,2.8938659153712116,0.0,,0.02208828715810395,,327.7016457981259,-327.7016457981259
train,53,12963.743568181992,14.0,"February 08, 2024",44.36104031545775,6.21614636729161,5.990889732282431,-44.16577438513438,0.9263781666130113,0.6102767409245459,3.6543517420631564,0.0,,0.019483004970052203,,23.613488308457285,-23.613488308457285
test_jan17,53,4918.19148373604,14.0,"January 16, 2024",NA,NA,NA,NA,0.9511250935970169,0.6265794502197308,3.7519727558067735,0.0,,0.01931731342114831,,24.270618408556693,-24.270618408556693
test_apr19,53,4874.646602153781,14.0,"April 17, 2024",NA,NA,NA,NA,0.7077359333183083,0.466240240095295,2.791857725121524,0.0,,0.020529460933642704,,262.3101667163622,-262.3101667163622
train,54,13200.871773004532,14.0,"May 26, 2024",43.59915868157432,5.453158745542169,5.217314268063221,-43.4041069930508,0.5377642066326631,0.3542667554542603,2.121357817091371,0.0,,0.022702851292037734,,964.6946893874942,-964.6946893874942
test_jan17,54,5012.361038684847,14.0,"January 16, 2024",NA,NA,NA,NA,0.9523686806283173,0.6273986969030719,3.756878424569296,0.0,,0.019504505520605203,,35.17243871877721,-35.17243871877721
test_apr19,54,4965.176911115649,14.0,"April 17, 2024",NA,NA,NA,NA,0.7011274035261128,0.46188669186927317,2.7657885740675012,0.0,,0.019666820992541818,,220.26929255375526,-220.26929255375526
train,55,13442.615031003952,14.0,"November 18, 2024",45.265365810621354,5.7969607175993065,5.509859702416828,-45.060231318076454,0.9238567269568291,0.6086156741687966,3.6444052345436946,0.0,,0.020551341707780703,,58.59557927448475,-58.59557927448475
test_jan17,55,5107.553563117983,14.0,"January 16, 2024",NA,NA,NA,NA,0.9546237517436629,0.6288842861585464,3.7657741686140502,0.0,,0.01940095920770456,,43.673835698716196,-43.673835698716196
test_apr19,55,5056.214115619662,14.0,"April 17, 2024",NA,NA,NA,NA,0.7143587149451416,0.47060317710389915,2.817983096430535,0.0,,0.02081609666078008,,281.18344754654544,-281.18344754654544
train,56,13680.440935134888,14.0,"May 20, 2024",44.68534281991777,6.065423255076721,5.75277899533865,-44.47930817802747,0.5182807986046027,0.34143153201960136,2.0445001917341328,0.0,,0.020472104051809718,,866.073532292932,-866.073532292932
test_jan17,56,5197.767592906954,14.0,"January 16, 2024",NA,NA,NA,NA,0.9404473223282722,0.6195451788119167,3.7098513701312443,0.0,,0.01930070730585841,,30.1747254141869,-30.1747254141869
test_apr19,56,5147.74280881882,14.0,"April 17, 2024",NA,NA,NA,NA,0.70955157971478,0.4674363463998744,2.7990200383225936,0.0,,0.019118116759877804,,247.3974827289104,-247.3974827289104
train,57,13922.408776283264,14.0,"March 03, 2024",44.473309383505864,6.615061407997494,6.2647721234354234,-44.2687403176512,0.75766342936289,0.4991313321641119,2.9888103722401853,0.0,,0.01985348441420542,,134.6974378877329,-134.6974378877329
test_jan17,57,5290.457107543947,14.0,"January 16, 2024",NA,NA,NA,NA,0.9463299263138655,0.623420503725504,3.733056908535957,0.0,,0.019329834072364254,,26.66485294761632,-26.66485294761632
test_apr19,57,5240.818132638934,14.0,"April 17, 2024",NA,NA,NA,NA,0.6927295044639981,0.456354348108432,2.7326607671163607,0.0,,0.020083694543229252,,211.7592466163843,-211.7592466163843
train,58,14151.95723772049,14.0,"May 22, 2024",43.765757715418225,6.690724813157604,6.325106912869073,-43.5562552681991,0.0,0.0,0.0,0.0,,0.0,,130.2287157741466,-130.2287157741466
test_jan17,58,5385.2152211666125,14.0,"January 16, 2024",NA,NA,NA,NA,0.9274181900654587,0.6109618845796096,3.658454398680305,0.0,,0.019216831355845117,,16.676989958802178,-16.676989958802178
test_apr19,58,5331.0269649028805,14.0,"April 17, 2024",NA,NA,NA,NA,0.6985482355458414,0.46018759501442025,2.7556143414037044,0.0,,0.019214095283648473,,219.31717251240795,-219.31717251240795
train,59,14389.44293308258,14.0,"May 16, 2024",42.65720669144676,6.597249019270142,6.223734583528269,-42.44127503037453,0.47264811206859514,0.3113697621911467,1.8644895939589579,0.0,,0.020973366957754796,,694.8545332902418,-694.8545332902418
test_jan17,59,5477.942785978319,14.0,"January 16, 2024",NA,NA,NA,NA,0.9416671584005125,0.6203487789068447,3.714663346747577,0.0,,0.019243448172876272,,25.02147056008219,-25.02147056008219
test_apr19,59,5421.233363866809,14.0,"April 17, 2024",NA,NA,NA,NA,0.7017581922985201,0.4623022410802869,2.768276892696325,0.0,,0.02095657420653799,,249.03930323986603,-249.03930323986603
train,60,14631.253934383392,14.0,"March 21, 2024",42.5290967751117,7.2906662332160135,6.913300699421337,-42.30499817501931,0.7322917461883497,0.4824170477848292,2.8887248370348986,0.0,,0.019490902745174548,,235.2430801450531,-235.2430801450531
test_jan17,60,5570.429271221163,14.0,"January 16, 2024",NA,NA,NA,NA,0.9658914194265442,0.6363071678273462,3.810222561840397,0.0,,0.019581581181938878,,44.9139288532751,-44.9139288532751
test_apr19,60,5513.258651733401,14.0,"April 17, 2024",NA,NA,NA,NA,0.721950253156075,0.47560430878526355,2.8479299927261277,0.0,,0.020899462534570968,,295.6064419254569,-295.6064419254569
train,61,14868.20538187027,14.0,"September 28, 2024",42.377376485438575,7.167720733387839,6.811707037456689,-42.1540997837271,0.5455526111960705,0.3593975781843946,2.152081306493373,0.0,,0.021494546793924384,,625.3091870838721,-625.3091870838721
test_jan17,61,5661.692092657091,14.0,"January 16, 2024",NA,NA,NA,NA,0.9648348758465207,0.6356111410902111,3.806054737067139,0.0,,0.019613463166428903,,33.606734439862635,-33.606734439862635
test_apr19,61,5606.150309562686,14.0,"April 17, 2024",NA,NA,NA,NA,0.7086893655477227,0.4668683394338057,2.795618799004818,0.0,,0.020138837271068185,,257.03014870244056,-257.03014870244056
train,62,15108.741261720657,14.0,"December 28, 2024",42.878545318331035,7.212045780250004,6.832777218804473,-42.65787285282498,1.0268691048827867,0.6764778718557213,4.050765699734862,0.0,,0.019660245595748423,,67.02791008277084,-67.02791008277084
test_jan17,62,5756.01065182686,14.0,"January 16, 2024",NA,NA,NA,NA,0.9735682123404482,0.6413644633564275,3.8405057686013704,0.0,,0.019235965634025836,,46.103371246705485,-46.103371246705485
test_apr19,62,5695.70965766907,14.0,"April 17, 2024",NA,NA,NA,NA,0.7123314488630269,0.46926766059220987,2.8099859915701186,0.0,,0.019874012523726184,,289.6315749567528,-289.6315749567528
train,63,15349.417088747025,14.0,"March 06, 2024",42.49757565203167,7.196772663632319,6.762437923767028,-42.281269093354545,0.7714481752478058,0.5082124073624582,3.043188068038672,0.0,,0.019621194044402376,,162.55849272585178,-162.55849272585178
test_jan17,63,5849.07477116585,14.0,"January 16, 2024",NA,NA,NA,NA,0.9592434138116638,0.6319276138325356,3.7839976876199737,0.0,,0.019337734354941905,,26.694504711039478,-26.694504711039478
test_apr19,63,5787.67356514931,14.0,"April 17, 2024",NA,NA,NA,NA,0.711761676438338,0.4688923075550396,2.8077383685930446,0.0,,0.02139875828168222,,266.02304829299896,-266.02304829299896
train,64,15587.872910737991,14.0,"October 09, 2024",43.227306722175506,7.139273594798786,6.682812247602713,-43.007963620481036,0.671270978087102,0.4422179618956453,2.648011747878113,0.0,,0.02097456508462046,,244.06676614532213,-244.06676614532213
test_jan17,64,5940.8984456062335,14.0,"January 16, 2024",NA,NA,NA,NA,0.9575846896773146,0.6308348843239098,3.777454397149166,0.0,,0.019423520065220457,,33.20504563760804,-33.20504563760804
test_apr19,64,5878.402112483981,14.0,"April 17, 2024",NA,NA,NA,NA,0.7200148845110483,0.47432933220254414,2.840295402410438,0.0,,0.02074737015848226,,296.7337441889592,-296.7337441889592
train,65,15827.870213508606,14.0,"March 03, 2024",42.33438574274381,7.157537164077873,6.71660443537292,-42.121280304023195,0.7540433913114399,0.49674653392114465,2.974530143240383,0.0,,0.020355596968275096,,149.43663583647196,-149.43663583647196
test_jan17,65,6033.861396551134,14.0,"January 16, 2024",NA,NA,NA,NA,0.9527052082068147,0.6276203935721414,3.7582059495337727,0.0,,0.019492371027186314,,24.42575736455331,-24.42575736455331
test_apr19,65,5968.616580247882,14.0,"April 17, 2024",NA,NA,NA,NA,0.7116514689737332,0.4688197053988697,2.807303625142927,0.0,,0.020678580880296994,,252.1479593668314,-252.1479593668314
train,66,16066.025531053543,14.0,"May 26, 2024",41.52618769662721,6.660589249449826,6.270090696002756,-41.32327155839829,0.5310521525378668,0.3498450077862883,2.0948802861454303,0.0,,0.021322185387265026,,885.147302123324,-885.147302123324
test_jan17,66,6126.9453341960925,14.0,"January 16, 2024",NA,NA,NA,NA,0.9545592104921984,0.6288417678587642,3.76551956801655,0.0,,0.019403628351865005,,27.876334443074562,-27.876334443074562
test_apr19,66,6060.747388362887,14.0,"April 17, 2024",NA,NA,NA,NA,0.6966699216426374,0.45895020479021875,2.7482048191030986,0.0,,0.020266367118199756,,224.54092173926082,-224.54092173926082
train,67,16307.848755836487,14.0,"December 24, 2024",42.70519930408115,7.300061192895685,6.900045399598422,-42.496618442592165,0.9921056637767811,0.6535765122316453,3.9136318097703344,0.0,,0.01959092624155049,,13.837685773028102,-13.837685773028102
test_jan17,67,6220.043463230135,14.0,"January 16, 2024",NA,NA,NA,NA,0.9301261878226277,0.6127458515439007,3.6691368355922194,0.0,,0.019728490279947334,,15.068887325898034,-15.068887325898034
test_apr19,67,6153.110530376437,14.0,"April 17, 2024",NA,NA,NA,NA,0.6957669882334468,0.45835537291907513,2.7446429516112247,0.0,,0.02012251079990067,,220.2337511756067,-220.2337511756067
train,68,16544.181307315826,14.0,"September 23, 2024",43.821236099515644,7.135693260867681,6.747808691202884,-43.614678791591096,0.4633740506509617,0.3052602227168078,1.8279055252503427,0.0,,0.020377436276138177,,976.0327546681789,-976.0327546681789
test_jan17,68,6311.857683420183,14.0,"January 16, 2024",NA,NA,NA,NA,0.9156737569568589,0.6032249207565895,3.612125273991544,0.0,,0.01902175273107038,,12.647950719260745,-12.647950719260745
test_apr19,68,6243.193863868716,14.0,"April 17, 2024",NA,NA,NA,NA,0.6912256689662432,0.4553636556897931,2.7267284771843836,0.0,,0.021076670748731638,,216.94908199726478,-216.94908199726478
train,69,16784.065510988235,14.0,"March 25, 2024",45.57692246351923,7.177958092430518,6.7796266332623505,-45.36643744508425,0.6853158452596934,0.45147039904682046,2.703415563154609,0.0,,0.020885815666719546,,337.4003829143622,-337.4003829143622
test_jan17,69,6405.6123535633105,14.0,"January 16, 2024",NA,NA,NA,NA,0.9512449067240748,0.6266583803665493,3.7524453914164644,0.0,,0.01958404391718617,,17.066615295378934,-17.066615295378934
test_apr19,69,6332.294049263003,14.0,"April 17, 2024",NA,NA,NA,NA,0.6877177600903095,0.45305272558217563,2.7128905723483476,0.0,,0.019687300753314315,,215.02036540707658,-215.02036540707658
train,70,17022.674373149872,14.0,"May 04, 2024",45.83730636891865,7.382591479857053,6.971569359302521,-45.62467233056114,0.5698276135188987,0.3753893943102814,2.2478406844926977,0.0,,0.021550888444161535,,728.1917080978702,-728.1917080978702
test_jan17,70,6494.057740449908,14.0,"January 16, 2024",NA,NA,NA,NA,0.94563697695193,0.6229640045403234,3.7303233804809754,0.0,,0.01957787662104485,,21.215796995005533,-21.215796995005533
test_apr19,70,6427.837501287463,14.0,"April 17, 2024",NA,NA,NA,NA,0.6987324329775318,0.4603089400680388,2.7563409584912444,0.0,,0.02053780328225541,,215.6791420233327,-215.6791420233327
